<?xml version="1.0" encoding="UTF-8"?>
<mule xmlns="http://www.mulesoft.org/schema/mule/core" xmlns:batch="http://www.mulesoft.org/schema/mule/batch" xmlns:context="http://www.springframework.org/schema/context" xmlns:doc="http://www.mulesoft.org/schema/mule/documentation" xmlns:dw="http://www.mulesoft.org/schema/mule/ee/dw" xmlns:file="http://www.mulesoft.org/schema/mule/file" xmlns:metadata="http://www.mulesoft.org/schema/mule/metadata" xmlns:sfdc="http://www.mulesoft.org/schema/mule/sfdc" xmlns:spring="http://www.springframework.org/schema/beans" xmlns:xsi="http://www.w3.org/2001/XMLSchema-instance" xsi:schemaLocation="http://www.springframework.org/schema/beans http://www.springframework.org/schema/beans/spring-beans-current.xsd
http://www.mulesoft.org/schema/mule/core http://www.mulesoft.org/schema/mule/core/current/mule.xsd
http://www.mulesoft.org/schema/mule/file http://www.mulesoft.org/schema/mule/file/current/mule-file.xsd
http://www.mulesoft.org/schema/mule/batch http://www.mulesoft.org/schema/mule/batch/current/mule-batch.xsd
http://www.mulesoft.org/schema/mule/sfdc http://www.mulesoft.org/schema/mule/sfdc/current/mule-sfdc.xsd
http://www.springframework.org/schema/context http://www.springframework.org/schema/context/spring-context-current.xsd
http://www.mulesoft.org/schema/mule/ee/dw http://www.mulesoft.org/schema/mule/ee/dw/current/dw.xsd">

    <sfdc:config doc:name="Salesforce" name="Salesforce" password="${sfdc.password}" securityToken="${sfdc.securityToken}" username="${sfdc.user}">
        <sfdc:connection-pooling-profile exhaustedAction="WHEN_EXHAUSTED_GROW" initialisationPolicy="INITIALISE_ONE"/>
    </sfdc:config>

    <batch:job max-failed-records="1000" name="CreateLeadsBatch">
        <batch:threading-profile poolExhaustedAction="WAIT"/>
        <batch:input>
            <file:inbound-endpoint doc:name="Poll CSV files" moveToDirectory="src/main/resources/output" path="src/main/resources/input" pollingFrequency="10000" responseTimeout="10000"/>
            <dw:transform-message doc:name="Transform CSV to Maps" metadata:id="7bff9652-407a-4479-9e4a-6f82f57ec3f6">
                <dw:set-payload><![CDATA[%dw 1.0
%output application/java
---
payload map {
	Company    : $.Company,
	Email      : $.Email,
	FirstName  : $.FirstName,
	LastName   : $.LastName
}]]></dw:set-payload>
            </dw:transform-message>

        </batch:input>
        <batch:process-records>
            <batch:step name="LeadExistsStep">
                <enricher doc:name="Message Enricher" source="#[payload.size() > 0]" target="#[recordVars['exists']]">
                    <sfdc:query config-ref="Salesforce" doc:name="Find Lead" query="dsql:SELECT Id FROM Lead WHERE Email = '#[payload[&quot;Email&quot;]]'"/>
                </enricher>
            </batch:step>
            <batch:step accept-expression="#[!recordVars['exists']]" name="LeadInsertStep">
                <logger doc:name="Log the lead" level="INFO" message="Got Record #[payload], it exists #[recordVars['exists']]"/>
                <batch:commit doc:name="Batch Commit" size="200">
                    <sfdc:create config-ref="Salesforce" doc:name="Insert Lead" type="Lead">
                        <sfdc:objects ref="#[payload]"/>
                    </sfdc:create>
                </batch:commit>
            </batch:step>
            <batch:step accept-policy="ONLY_FAILURES" name="LogFailuresStep">
                <logger doc:name="Log Failure" level="INFO" message="Got Failure #[payload]"/>
            </batch:step>
        </batch:process-records>
        <batch:on-complete>
            <logger doc:name="Log Results" level="INFO" message="#[payload.loadedRecords] Loaded Records #[payload.failedRecords] Failed Records"/>
        </batch:on-complete>
    </batch:job>
</mule>